{"type":"object","properties":{"clangd.serverCompletionRanking":{"type":"boolean","default":true,"description":"Always rank completion items on the server as you type. This produces more accurate results at the cost of higher latency than client-side filtering."},"clangd.inactiveRegions.opacity":{"type":"number","default":0.55,"description":"Opacity of inactive regions (used only if clangd.inactiveRegions.useBackgroundHighlight=false)"},"clangd.restartAfterCrash":{"type":"boolean","default":true,"description":"Auto restart clangd (up to 4 times) if it crashes."},"clangd.path":{"type":"string","default":"clangd","scope":"machine-overridable","description":"The path to clangd executable, e.g.: \/usr\/bin\/clangd."},"clangd.checkUpdates":{"type":"boolean","default":false,"description":"Check for language server updates on startup."},"clangd.onConfigChanged":{"enumDescriptions":["Prompt the user for restarting the server","Automatically restart the server","Do nothing"],"description":"What to do when clangd configuration files are changed. Ignored for clangd 12+, which can reload such files itself.","type":"string","enum":["prompt","restart","ignore"],"default":"prompt"},"clangd.enableCodeCompletion":{"type":"boolean","default":true,"description":"Enable code completion provided by the language server"},"clangd.inactiveRegions.useBackgroundHighlight":{"type":"boolean","default":false,"description":"Use a background highlight rather than opacity to identify inactive preprocessor regions."},"clangd.detectExtensionConflicts":{"type":"boolean","default":true,"description":"Warn about conflicting extensions and suggest disabling them."},"clangd.arguments":{"type":"array","default":[],"items":{"type":"string"},"description":"Arguments for clangd server."},"clangd.trace":{"type":"string","description":"Names a file that clangd should log a performance trace to, in chrome trace-viewer JSON format."},"clangd.fallbackFlags":{"type":"array","default":[],"items":{"type":"string"},"description":"Extra clang flags used to parse files when no compilation database is found."},"clangd.semanticHighlighting":{"type":"boolean","deprecationMessage":"Legacy semanticHighlights is no longer supported. Please use `editor.semanticHighlighting.enabled` instead.","default":true,"description":"Enable semantic highlighting in clangd."}},"title":"clangd"}